id,originalFilename,expectedFilename,extension,date,organization,documentType,reference,bytes,contentSha256,synthetic
fixture-0001,document_0001.txt,2026-01-01_Acme-Labs_invoice_REF-0001.txt,txt,2026-01-01,Acme-Labs,invoice,REF-0001,144,ac81d77a9dd04a4c006cde9141dcd768015e36662aca4d2fa2ec92c50a873ee2,true
fixture-0002,document_0002.md,2026-02-02_Riverstone-Co_meeting-notes_REF-0002.md,md,2026-02-02,Riverstone-Co,meeting-notes,REF-0002,140,29e6a92646e3595b41799173a917b16f3992346a39af7782fc9ab0cf67405f2b,true
fixture-0003,document_0003.csv,2026-03-03_Bluebird-Health_invoice_REF-0003.csv,csv,2026-03-03,Bluebird-Health,invoice,REF-0003,105,d8595c0463b6bfd89b7141939a39a18513d70bf7ee1c24c4c34f09567d812ed2,true
fixture-0004,document_0004.json,2026-04-04_Northstar-Studio_meeting-notes_REF-0004.json,json,2026-04-04,Northstar-Studio,meeting-notes,REF-0004,220,d716cf26f08bde841b29ffe239aada0ee68eac5cdba04c83b6a1fe9b281a8f9e,true
fixture-0005,document_0005.xml,2026-05-05_Pinecone-Works_invoice_REF-0005.xml,xml,2026-05-05,Pinecone-Works,invoice,REF-0005,158,91c01de0bb1c52f20ecda871b527eb6e8c5e55504137797c91c6652d2d19ba3c,true
fixture-0006,document_0006.yaml,2026-06-06_Acme-Labs_meeting-notes_REF-0006.yaml,yaml,2026-06-06,Acme-Labs,meeting-notes,REF-0006,98,3f2a3fb1a175fa358a4719e1a50f072f401642b3b7344ed58fe528e7fa91f11e,true
fixture-0007,document_0007.html,2026-07-07_Riverstone-Co_invoice_REF-0007.html,html,2026-07-07,Riverstone-Co,invoice,REF-0007,177,bf0a02d54f9aca9061afb08ec53fee4fe6c2302b31c3ff65e394627b1039fbcc,true
fixture-0008,document_0008.eml,2026-08-08_Bluebird-Health_meeting-notes_REF-0008.eml,eml,2026-08-08,Bluebird-Health,meeting-notes,REF-0008,158,6dc3d685c8a88108311df2c103385c98750e16d38523b7cb1b11144d2f84ee9e,true
fixture-0009,document_0009.srt,2026-09-09_Northstar-Studio_invoice_REF-0009.srt,srt,2026-09-09,Northstar-Studio,invoice,REF-0009,77,0a8f07c358f915aa61012375de60faf7b546a3915787f7407ac1b355907f255f,true
fixture-0010,document_0010.vtt,2026-10-10_Pinecone-Works_meeting-notes_REF-0010.vtt,vtt,2026-10-10,Pinecone-Works,meeting-notes,REF-0010,81,04cdf02e0e041526756e412321a40b89a937e63ec58fd636370e2b6656158389,true
fixture-0011,document_0011.svg,2026-11-11_Acme-Labs_invoice_REF-0011.svg,svg,2026-11-11,Acme-Labs,invoice,REF-0011,150,9e91fb74468bb204378cd9061bf419f8c12700f883589c96a6fd03b6df6a12da,true
fixture-0012,document_0012.txt,2026-12-12_Riverstone-Co_meeting-notes_REF-0012.txt,txt,2026-12-12,Riverstone-Co,meeting-notes,REF-0012,164,5a2b41796fa717a990fe35a389396fa9272c497825672b72d53537a1e1168f95,true
fixture-0013,document_0013.md,2026-01-13_Bluebird-Health_invoice_REF-0013.md,md,2026-01-13,Bluebird-Health,invoice,REF-0013,132,fb7e39b85c5a19655622a6ba08b8c21f9663d8e61d28fed87c2aec0bcaae14e7,true
fixture-0014,document_0014.csv,2026-02-14_Northstar-Studio_meeting-notes_REF-0014.csv,csv,2026-02-14,Northstar-Studio,meeting-notes,REF-0014,112,9605e61f97529be66028ba6d3b3d50512ef856043c6e9a43f32003841b43f40c,true
fixture-0015,document_0015.json,2026-03-15_Pinecone-Works_invoice_REF-0015.json,json,2026-03-15,Pinecone-Works,invoice,REF-0015,204,31bae606ed6b0113f0dd1532a754233cedeb24cc6a5cc510bc0a54eb3a449ce8,true
fixture-0016,document_0016.xml,2026-04-16_Acme-Labs_meeting-notes_REF-0016.xml,xml,2026-04-16,Acme-Labs,meeting-notes,REF-0016,159,42b497aaf07790f172032c3dcdbe4c4eb279a6d16e58d6840e57384300a6f2fb,true
fixture-0017,document_0017.yaml,2026-05-17_Riverstone-Co_invoice_REF-0017.yaml,yaml,2026-05-17,Riverstone-Co,invoice,REF-0017,96,ee38fd38de8147a892fe77e96c4eca82a1f7e06f340162a9c91a75347c5f9109,true
fixture-0018,document_0018.html,2026-06-18_Bluebird-Health_meeting-notes_REF-0018.html,html,2026-06-18,Bluebird-Health,meeting-notes,REF-0018,185,de35c931142688718e4188e42904403944db3114d55be7b5ae0ccf2ae02d4edf,true
fixture-0019,document_0019.eml,2026-07-19_Northstar-Studio_invoice_REF-0019.eml,eml,2026-07-19,Northstar-Studio,invoice,REF-0019,147,631e2b59c83f728c5b886e720c0d80aae72ba526e3d6fe605289bbeece6fa9e0,true
fixture-0020,document_0020.srt,2026-08-20_Pinecone-Works_meeting-notes_REF-0020.srt,srt,2026-08-20,Pinecone-Works,meeting-notes,REF-0020,81,46cb6e426f4518944bc73e279724ed8d18ec4994ed536a5d0ca4a5589e355caf,true
fixture-0021,document_0021.vtt,2026-09-21_Acme-Labs_invoice_REF-0021.vtt,vtt,2026-09-21,Acme-Labs,invoice,REF-0021,70,0a880c2ebe7f78814e610a964cf5c02dbe7a6f9561bd6e4d1ca6756b7d9bf8e9,true
fixture-0022,document_0022.svg,2026-10-22_Riverstone-Co_meeting-notes_REF-0022.svg,svg,2026-10-22,Riverstone-Co,meeting-notes,REF-0022,160,397a0c0ec0e986ff6bdd6080559730ab99fa24b2f34ec4b265fa30bf259be8e0,true
fixture-0023,document_0023.txt,2026-11-23_Bluebird-Health_invoice_REF-0023.txt,txt,2026-11-23,Bluebird-Health,invoice,REF-0023,156,623212ac17a2d25537f141271cd2aea6d042fd03a3f44073560187cd8467fb52,true
fixture-0024,document_0024.md,2026-12-24_Northstar-Studio_meeting-notes_REF-0024.md,md,2026-12-24,Northstar-Studio,meeting-notes,REF-0024,146,3646ae661de5d306759d289f836bf35433c939649b70835857ebfad5e7f60b9f,true
fixture-0025,document_0025.csv,2026-01-25_Pinecone-Works_invoice_REF-0025.csv,csv,2026-01-25,Pinecone-Works,invoice,REF-0025,104,96897bf37906a2ef0a335ea1c4fb537ebee1e57102c371e4867e3e486b858a57,true
fixture-0026,document_0026.json,2026-02-26_Acme-Labs_meeting-notes_REF-0026.json,json,2026-02-26,Acme-Labs,meeting-notes,REF-0026,206,d2ba5139d1b75c389eb6d5bae7799e2b0101704861a7cdd0f18d72047de1f9b0,true
fixture-0027,document_0027.xml,2026-03-27_Riverstone-Co_invoice_REF-0027.xml,xml,2026-03-27,Riverstone-Co,invoice,REF-0027,157,8c4ea94a8203b1ec55ab087bb05e795798a11a0081df7cb01005e09e5ebbe31a,true
fixture-0028,document_0028.yaml,2026-04-01_Bluebird-Health_meeting-notes_REF-0028.yaml,yaml,2026-04-01,Bluebird-Health,meeting-notes,REF-0028,104,c98ed1c31705117c3c96cbe6d9fc2d8ab43eab7d219ec01a3ae0b566f33c35ed,true
fixture-0029,document_0029.html,2026-05-02_Northstar-Studio_invoice_REF-0029.html,html,2026-05-02,Northstar-Studio,invoice,REF-0029,180,05289a8540e252dc75b99b335a7ed431fa795aab33f8367bd826c5b82946232c,true
fixture-0030,document_0030.eml,2026-06-03_Pinecone-Works_meeting-notes_REF-0030.eml,eml,2026-06-03,Pinecone-Works,meeting-notes,REF-0030,157,c7ceedcb72b5cf96a8148de93b3a7bc202dce03b0ee9b9a41cc4ea2f2e37bf5b,true
fixture-0031,document_0031.srt,2026-07-04_Acme-Labs_invoice_REF-0031.srt,srt,2026-07-04,Acme-Labs,invoice,REF-0031,70,ae568cdbbb583a8061ddc287dcb3931f1a9340cda4597ee7af6904f06b20aaf9,true
fixture-0032,document_0032.vtt,2026-08-05_Riverstone-Co_meeting-notes_REF-0032.vtt,vtt,2026-08-05,Riverstone-Co,meeting-notes,REF-0032,80,c2dab94e80e6e553cb6a52c4859b1bc15b456b17f6635e1f1e4caea7ea393afb,true
fixture-0033,document_0033.svg,2026-09-06_Bluebird-Health_invoice_REF-0033.svg,svg,2026-09-06,Bluebird-Health,invoice,REF-0033,156,2ff7b77170f4d7b3a56664dee0df3b76ec3b8eff3217122e2c4431b13617c239,true
fixture-0034,document_0034.txt,2026-10-07_Northstar-Studio_meeting-notes_REF-0034.txt,txt,2026-10-07,Northstar-Studio,meeting-notes,REF-0034,170,335015490e3ae886acc626b4fc8efa6c05eb8a789453b8f6ddc78062c8b15b47,true
fixture-0035,document_0035.md,2026-11-08_Pinecone-Works_invoice_REF-0035.md,md,2026-11-08,Pinecone-Works,invoice,REF-0035,130,94788a8ca7839d508dcb0fb4f9939a6d0094fd7cc778104b281e25d6c8a36cb5,true
fixture-0036,document_0036.csv,2026-12-09_Acme-Labs_meeting-notes_REF-0036.csv,csv,2026-12-09,Acme-Labs,meeting-notes,REF-0036,105,5a89769f5b16d2bdf2213b1ff6d4ea2f38a204dc11ba920c158ca257c5c0664b,true
fixture-0037,document_0037.json,2026-01-10_Riverstone-Co_invoice_REF-0037.json,json,2026-01-10,Riverstone-Co,invoice,REF-0037,202,dea7977d6d1f86cf863ceae746d758936afe42cc5f39904fe06bbd9a119a699d,true
fixture-0038,document_0038.xml,2026-02-11_Bluebird-Health_meeting-notes_REF-0038.xml,xml,2026-02-11,Bluebird-Health,meeting-notes,REF-0038,165,3be8df6dad373cd093f7e48f9955f7b04cc8e9992fffe6e55be6ac406526090b,true
fixture-0039,document_0039.yaml,2026-03-12_Northstar-Studio_invoice_REF-0039.yaml,yaml,2026-03-12,Northstar-Studio,invoice,REF-0039,99,c8cf9907287c9e335dd02fe3ca6b305a256a2aefc0131fdf9983ce51a0491d15,true
fixture-0040,document_0040.html,2026-04-13_Pinecone-Works_meeting-notes_REF-0040.html,html,2026-04-13,Pinecone-Works,meeting-notes,REF-0040,184,c0426b6e44d7a15fb3cf56f40083e371865f997761eb8288da5a044ce5fccc39,true
fixture-0041,document_0041.eml,2026-05-14_Acme-Labs_invoice_REF-0041.eml,eml,2026-05-14,Acme-Labs,invoice,REF-0041,140,fa21d7b00770f811cf0e53cccd1fc5798c54377b8ae8093e726d1816dc6f1c91,true
fixture-0042,document_0042.srt,2026-06-15_Riverstone-Co_meeting-notes_REF-0042.srt,srt,2026-06-15,Riverstone-Co,meeting-notes,REF-0042,80,c4f9cb9a8e34a0b557b4081b6544ba2f845fa02bf9f9ad4ef2521cc77043e913,true
fixture-0043,document_0043.vtt,2026-07-16_Bluebird-Health_invoice_REF-0043.vtt,vtt,2026-07-16,Bluebird-Health,invoice,REF-0043,76,2185c27350d195e0773b26c7d4584649759aee2d434c7a435984fd2bafba7cd5,true
fixture-0044,document_0044.svg,2026-08-17_Northstar-Studio_meeting-notes_REF-0044.svg,svg,2026-08-17,Northstar-Studio,meeting-notes,REF-0044,163,765ae2a96dfaeaad23616acfb6b7c5d9c038dc54d7ef8fbf52b95ab571fc945d,true
fixture-0045,document_0045.txt,2026-09-18_Pinecone-Works_invoice_REF-0045.txt,txt,2026-09-18,Pinecone-Works,invoice,REF-0045,154,29eb1b41ba4aa0af15462a02760371e3b30edbce546b40540ba77db9f7876cdb,true
fixture-0046,document_0046.md,2026-10-19_Acme-Labs_meeting-notes_REF-0046.md,md,2026-10-19,Acme-Labs,meeting-notes,REF-0046,132,36986a72e8992b4b12b18c5e7b5ce0abe1d45a1192c2acf08315397afaf2ca27,true
fixture-0047,document_0047.csv,2026-11-20_Riverstone-Co_invoice_REF-0047.csv,csv,2026-11-20,Riverstone-Co,invoice,REF-0047,103,57f7a980db6078bad71565956ccbe20e6b6bd927e152074d9f88ec42a93dec8b,true
fixture-0048,document_0048.json,2026-12-21_Bluebird-Health_meeting-notes_REF-0048.json,json,2026-12-21,Bluebird-Health,meeting-notes,REF-0048,218,fb2728077bf956086d6aa73de5c142f4390cb6946382e99f49620f59753fea32,true
fixture-0049,document_0049.xml,2026-01-22_Northstar-Studio_invoice_REF-0049.xml,xml,2026-01-22,Northstar-Studio,invoice,REF-0049,160,a4950b5046534b974e64f1a1771f5693bb395ff7b0480e27366c57443974cf3c,true
fixture-0050,document_0050.yaml,2026-02-23_Pinecone-Works_meeting-notes_REF-0050.yaml,yaml,2026-02-23,Pinecone-Works,meeting-notes,REF-0050,103,a59331756e8eaec3d74f4252b273ed75fa81b3a6e7916951597f14444e64bc02,true
fixture-0051,document_0051.html,2026-03-24_Acme-Labs_invoice_REF-0051.html,html,2026-03-24,Acme-Labs,invoice,REF-0051,173,1fc6a94a0122b5bc67141e1b1037fc75a5a1689f6fdd2126d344d71d64215973,true
fixture-0052,document_0052.eml,2026-04-25_Riverstone-Co_meeting-notes_REF-0052.eml,eml,2026-04-25,Riverstone-Co,meeting-notes,REF-0052,156,3743eecdc2f9196642042aaef7bd7b97e0dd16dbd8abfcad1b8bcd306616a117,true
fixture-0053,document_0053.srt,2026-05-26_Bluebird-Health_invoice_REF-0053.srt,srt,2026-05-26,Bluebird-Health,invoice,REF-0053,76,169c70182076fd7cbec71bcc4515efba379494971201f74e3d4ca16018c83b16,true
fixture-0054,document_0054.vtt,2026-06-27_Northstar-Studio_meeting-notes_REF-0054.vtt,vtt,2026-06-27,Northstar-Studio,meeting-notes,REF-0054,83,c27f47d103664d862caa7041d0ece3418b4a167df78ec491d9411bd0a89a8795,true
fixture-0055,document_0055.svg,2026-07-01_Pinecone-Works_invoice_REF-0055.svg,svg,2026-07-01,Pinecone-Works,invoice,REF-0055,155,6ffb87035b3dc523826b0ce0bf65ba6640d446443c7855b9a51eff529f4571c2,true
fixture-0056,document_0056.txt,2026-08-02_Acme-Labs_meeting-notes_REF-0056.txt,txt,2026-08-02,Acme-Labs,meeting-notes,REF-0056,156,9b50930315db581194d9cdb93edcfc491e57f5abbb8d39596a3245edb51ad75e,true
fixture-0057,document_0057.md,2026-09-03_Riverstone-Co_invoice_REF-0057.md,md,2026-09-03,Riverstone-Co,invoice,REF-0057,128,acefcedbb57f20805dbd8cafdc45d5156799e8f43043b516523f4d9cdec8885d,true
fixture-0058,document_0058.csv,2026-10-04_Bluebird-Health_meeting-notes_REF-0058.csv,csv,2026-10-04,Bluebird-Health,meeting-notes,REF-0058,111,aafe882923acc3d4993c331a65678218eac1037b66c3e4e0eb5b8cd8e7ff7724,true
fixture-0059,document_0059.json,2026-11-05_Northstar-Studio_invoice_REF-0059.json,json,2026-11-05,Northstar-Studio,invoice,REF-0059,208,bd9fb787808606764848e14b7719283b72d6bb3113d52c7db38d0512823e90c0,true
fixture-0060,document_0060.xml,2026-12-06_Pinecone-Works_meeting-notes_REF-0060.xml,xml,2026-12-06,Pinecone-Works,meeting-notes,REF-0060,164,5503e07b932d53a1f63da165dfb2281e303e147fa009726eb69554ed60163e8e,true
fixture-0061,document_0061.yaml,2026-01-07_Acme-Labs_invoice_REF-0061.yaml,yaml,2026-01-07,Acme-Labs,invoice,REF-0061,92,fbe91cfdaf0d116cf85e5b61cb934b4a53354317537cb18f6ce345485c60d735,true
fixture-0062,document_0062.html,2026-02-08_Riverstone-Co_meeting-notes_REF-0062.html,html,2026-02-08,Riverstone-Co,meeting-notes,REF-0062,183,0a11c6a4dc38797d7c4d90043b472b6f417e8c05104b0f2023b254de26819163,true
fixture-0063,document_0063.eml,2026-03-09_Bluebird-Health_invoice_REF-0063.eml,eml,2026-03-09,Bluebird-Health,invoice,REF-0063,146,bd4e6d9c2d4aec0b2a57976f03a68bb1a99ceeb42309630e909b775878dd9075,true
fixture-0064,document_0064.srt,2026-04-10_Northstar-Studio_meeting-notes_REF-0064.srt,srt,2026-04-10,Northstar-Studio,meeting-notes,REF-0064,83,cdbe6df58c950963de60eecc39e6d11000bcd9804d17263639066c6c924780c9,true
fixture-0065,document_0065.vtt,2026-05-11_Pinecone-Works_invoice_REF-0065.vtt,vtt,2026-05-11,Pinecone-Works,invoice,REF-0065,75,1e4727ba1de07597ff8cd5851901285697754580d72163f794dc1f8bbbe53cbd,true
fixture-0066,document_0066.svg,2026-06-12_Acme-Labs_meeting-notes_REF-0066.svg,svg,2026-06-12,Acme-Labs,meeting-notes,REF-0066,156,89ac325b0f5661764362e5a13384b147df45b5d0b8f53b6f40af7ccca5fdb9fe,true
fixture-0067,document_0067.txt,2026-07-13_Riverstone-Co_invoice_REF-0067.txt,txt,2026-07-13,Riverstone-Co,invoice,REF-0067,152,6df3f41ea858c1757a3f851d9f7f51254acb2f317433c05754088d7fa3f1d7a3,true
fixture-0068,document_0068.md,2026-08-14_Bluebird-Health_meeting-notes_REF-0068.md,md,2026-08-14,Bluebird-Health,meeting-notes,REF-0068,144,c1e837df526ff5375fe9bb7840d12698db14235f0bf4b8c34095e89be39d972b,true
fixture-0069,document_0069.csv,2026-09-15_Northstar-Studio_invoice_REF-0069.csv,csv,2026-09-15,Northstar-Studio,invoice,REF-0069,106,2d88437cc39d362c4bc3446fbb758fe5d3b4b8098ef1a5af23607414f981945a,true
fixture-0070,document_0070.json,2026-10-16_Pinecone-Works_meeting-notes_REF-0070.json,json,2026-10-16,Pinecone-Works,meeting-notes,REF-0070,216,e91c404621a4dbeef3a63d25623f94a09eb07531ce27d9b977b360d87c042234,true
fixture-0071,document_0071.xml,2026-11-17_Acme-Labs_invoice_REF-0071.xml,xml,2026-11-17,Acme-Labs,invoice,REF-0071,153,8b4251f6600a2bfba2ed9b8db386fb4c715ed9868cd5d3a7f83d60341b9c9ebd,true
fixture-0072,document_0072.yaml,2026-12-18_Riverstone-Co_meeting-notes_REF-0072.yaml,yaml,2026-12-18,Riverstone-Co,meeting-notes,REF-0072,102,c9da537bfded4577428f2014ffa702477b566ebf82ef67bb0942f6e150769db1,true
fixture-0073,document_0073.html,2026-01-19_Bluebird-Health_invoice_REF-0073.html,html,2026-01-19,Bluebird-Health,invoice,REF-0073,179,da619f97a6d420d680b79f84740d832a88af06e359dc90393c33aae4b9919fdf,true
fixture-0074,document_0074.eml,2026-02-20_Northstar-Studio_meeting-notes_REF-0074.eml,eml,2026-02-20,Northstar-Studio,meeting-notes,REF-0074,159,fbba76966227e08d9c0b377ad15c8ed6e993168b566295f882a49459bd89ea09,true
fixture-0075,document_0075.srt,2026-03-21_Pinecone-Works_invoice_REF-0075.srt,srt,2026-03-21,Pinecone-Works,invoice,REF-0075,75,4ae657b8b5b3ab7de01a7ee2634c6fc2a6654fda5c21e5647ea12b4be7740a3c,true
fixture-0076,document_0076.vtt,2026-04-22_Acme-Labs_meeting-notes_REF-0076.vtt,vtt,2026-04-22,Acme-Labs,meeting-notes,REF-0076,76,26be521b78b74ca3200c0cfd3c76ca3d8ab0c7ad7a00ec9aa03321ef1812f08f,true
fixture-0077,document_0077.svg,2026-05-23_Riverstone-Co_invoice_REF-0077.svg,svg,2026-05-23,Riverstone-Co,invoice,REF-0077,154,2284f4c22af68324177a17c103a36433899e2e26f1008b02e05be23c46a99f45,true
fixture-0078,document_0078.txt,2026-06-24_Bluebird-Health_meeting-notes_REF-0078.txt,txt,2026-06-24,Bluebird-Health,meeting-notes,REF-0078,168,aa81d0f79eb8bed72a1961b4b08e4bcbd0fc18bb404b9bee924c16c597f7fb0c,true
fixture-0079,document_0079.md,2026-07-25_Northstar-Studio_invoice_REF-0079.md,md,2026-07-25,Northstar-Studio,invoice,REF-0079,134,2ffec978229bd4834ee8a86ef2ab08268a4c0859b5956b5d5de907922643235e,true
fixture-0080,document_0080.csv,2026-08-26_Pinecone-Works_meeting-notes_REF-0080.csv,csv,2026-08-26,Pinecone-Works,meeting-notes,REF-0080,110,bf8f4bcb9fd139fae697bec2638fe62f5546149c999492a23cc79799d984e8b7,true
fixture-0081,document_0081.json,2026-09-27_Acme-Labs_invoice_REF-0081.json,json,2026-09-27,Acme-Labs,invoice,REF-0081,194,ef866ec6e8c6aa2c6cd6213897ad45fbbef042f2d931ef3eba6ab807024c9db0,true
fixture-0082,document_0082.xml,2026-10-01_Riverstone-Co_meeting-notes_REF-0082.xml,xml,2026-10-01,Riverstone-Co,meeting-notes,REF-0082,163,cb81f147908a28affd3ccc0e96f551b04af6edc831a07bedd3d4092a7d77d999,true
fixture-0083,document_0083.yaml,2026-11-02_Bluebird-Health_invoice_REF-0083.yaml,yaml,2026-11-02,Bluebird-Health,invoice,REF-0083,98,0950cd63848256645304ac03b4f03019aad0ba5d2c84957126707080a9590e92,true
fixture-0084,document_0084.html,2026-12-03_Northstar-Studio_meeting-notes_REF-0084.html,html,2026-12-03,Northstar-Studio,meeting-notes,REF-0084,186,07ec4c1ff769fafaa506237d19da2a855e669a33ca70a9000af43765365c83f0,true
fixture-0085,document_0085.eml,2026-01-04_Pinecone-Works_invoice_REF-0085.eml,eml,2026-01-04,Pinecone-Works,invoice,REF-0085,145,a63d1247d4bab0853bdfd88e756acc30fd517e2845bd3f1910b453db5044cef6,true
fixture-0086,document_0086.srt,2026-02-05_Acme-Labs_meeting-notes_REF-0086.srt,srt,2026-02-05,Acme-Labs,meeting-notes,REF-0086,76,596ccb6e4b38efe2e0b5cb3dce0d36338e004c18cf4d6bb1c8699f3dfee82778,true
fixture-0087,document_0087.vtt,2026-03-06_Riverstone-Co_invoice_REF-0087.vtt,vtt,2026-03-06,Riverstone-Co,invoice,REF-0087,74,fe82b2b4f2206e2849d7de727a76d69093857a755bd6b182857e0f08d29b62f6,true
fixture-0088,document_0088.svg,2026-04-07_Bluebird-Health_meeting-notes_REF-0088.svg,svg,2026-04-07,Bluebird-Health,meeting-notes,REF-0088,162,52768867b26efbb0e16d945c1ad30e29fa2b8d6832a19047f2d772d1ade9df00,true
fixture-0089,document_0089.txt,2026-05-08_Northstar-Studio_invoice_REF-0089.txt,txt,2026-05-08,Northstar-Studio,invoice,REF-0089,158,0bf895697a7fa46842dc97cb3d6edb22e7c13ed8360408155fad01c827091394,true
fixture-0090,document_0090.md,2026-06-09_Pinecone-Works_meeting-notes_REF-0090.md,md,2026-06-09,Pinecone-Works,meeting-notes,REF-0090,142,91e2ddd9c92ce486ed17fa0754972b76164949d06120ca492a116c4d73a181a4,true
fixture-0091,document_0091.csv,2026-07-10_Acme-Labs_invoice_REF-0091.csv,csv,2026-07-10,Acme-Labs,invoice,REF-0091,99,f9ceab908c85e29610bfdf288fd08b79e3a1c226e93cdb0a77d39c36b68482c0,true
fixture-0092,document_0092.json,2026-08-11_Riverstone-Co_meeting-notes_REF-0092.json,json,2026-08-11,Riverstone-Co,meeting-notes,REF-0092,214,4ec3d2c2a67175e5825e92bbd0c3658a765d2bd69eaea1a586d32934ebda283c,true
fixture-0093,document_0093.xml,2026-09-12_Bluebird-Health_invoice_REF-0093.xml,xml,2026-09-12,Bluebird-Health,invoice,REF-0093,159,26e902ad1c9a3f46c2613ed5a48c4be11812931797f691c62122560a5f32ef2b,true
fixture-0094,document_0094.yaml,2026-10-13_Northstar-Studio_meeting-notes_REF-0094.yaml,yaml,2026-10-13,Northstar-Studio,meeting-notes,REF-0094,105,8c294dc914ab70c037c4a1aa1ee441ae052dbfe4e651e690e9bef166b5a6201e,true
fixture-0095,document_0095.html,2026-11-14_Pinecone-Works_invoice_REF-0095.html,html,2026-11-14,Pinecone-Works,invoice,REF-0095,178,ebc89d3abbf60a5108de66f8a02de4cff9e6aae5a721478f29a1cecf256ec230,true
fixture-0096,document_0096.eml,2026-12-15_Acme-Labs_meeting-notes_REF-0096.eml,eml,2026-12-15,Acme-Labs,meeting-notes,REF-0096,152,d9f2c86a71120413f1e8450c9168b06ccc2071e9939001e3df7d2f5a3042bd5c,true
fixture-0097,document_0097.srt,2026-01-16_Riverstone-Co_invoice_REF-0097.srt,srt,2026-01-16,Riverstone-Co,invoice,REF-0097,74,60391c9e50170ee34a52990a19148354d62120880b82ffb2ba1bc4acac257449,true
fixture-0098,document_0098.vtt,2026-02-17_Bluebird-Health_meeting-notes_REF-0098.vtt,vtt,2026-02-17,Bluebird-Health,meeting-notes,REF-0098,82,7d09779c96599142ec9729245da9729ac91fba1a4c25c06adf41b9fd9d102a8f,true
fixture-0099,document_0099.svg,2026-03-18_Northstar-Studio_invoice_REF-0099.svg,svg,2026-03-18,Northstar-Studio,invoice,REF-0099,157,067787ccb89fcf641c283cfa020948eed04f2e5851217881784880a628d01199,true
fixture-0100,document_0100.txt,2026-04-19_Pinecone-Works_meeting-notes_REF-0100.txt,txt,2026-04-19,Pinecone-Works,meeting-notes,REF-0100,166,b3b8326d62c8df9924471b6dca82e94d12eb642295a6cc484388dee6dcead899,true
fixture-0101,document_0101.md,2026-05-20_Acme-Labs_invoice_REF-0101.md,md,2026-05-20,Acme-Labs,invoice,REF-0101,120,9ce7f1211bc646435a49cfafd08c770480f51c984cc4391517aae782ed3863e0,true
fixture-0102,document_0102.csv,2026-06-21_Riverstone-Co_meeting-notes_REF-0102.csv,csv,2026-06-21,Riverstone-Co,meeting-notes,REF-0102,109,086eed80452264ed76ca70662a0101f4669b270d01009b49e8af51be01d75f4f,true
fixture-0103,document_0103.json,2026-07-22_Bluebird-Health_invoice_REF-0103.json,json,2026-07-22,Bluebird-Health,invoice,REF-0103,206,c84144014c83f6948dcc3896a86a9f2d7a3f124198adc164d376287303c1b962,true
fixture-0104,document_0104.xml,2026-08-23_Northstar-Studio_meeting-notes_REF-0104.xml,xml,2026-08-23,Northstar-Studio,meeting-notes,REF-0104,166,fb40bfc8286cd6fab275a7cc570cb3b35770d6fb06217cc94f47795264a5a820,true
fixture-0105,document_0105.yaml,2026-09-24_Pinecone-Works_invoice_REF-0105.yaml,yaml,2026-09-24,Pinecone-Works,invoice,REF-0105,97,600c87e0e6fb9ae23cb85b0d207870308fd84cc5fda8c05dbb8cb18ee183bc35,true
fixture-0106,document_0106.html,2026-10-25_Acme-Labs_meeting-notes_REF-0106.html,html,2026-10-25,Acme-Labs,meeting-notes,REF-0106,179,33e686a51e5bc55dfeb9e429a14d6ca3a72b1523be6eb62f72c0c55616d3d13d,true
fixture-0107,document_0107.eml,2026-11-26_Riverstone-Co_invoice_REF-0107.eml,eml,2026-11-26,Riverstone-Co,invoice,REF-0107,144,d84e5dd9b0277494deb5a9da3f559b433b60bb992b6287f74a41faff45f71274,true
fixture-0108,document_0108.srt,2026-12-27_Bluebird-Health_meeting-notes_REF-0108.srt,srt,2026-12-27,Bluebird-Health,meeting-notes,REF-0108,82,bec432321d74083afa9590629068e1765cbc2f4bb51362295eb336846c6ec774,true
fixture-0109,document_0109.vtt,2026-01-01_Northstar-Studio_invoice_REF-0109.vtt,vtt,2026-01-01,Northstar-Studio,invoice,REF-0109,77,16b5f31a863eab84e5589cab98d666aee3b11388b7c8bbb1329d969fe37a77f2,true
fixture-0110,document_0110.svg,2026-02-02_Pinecone-Works_meeting-notes_REF-0110.svg,svg,2026-02-02,Pinecone-Works,meeting-notes,REF-0110,161,f57be4495efc51ccc95de5f00479d8d46f25021c5e4508d25f5d1e139138bee1,true
fixture-0111,document_0111.txt,2026-03-03_Acme-Labs_invoice_REF-0111.txt,txt,2026-03-03,Acme-Labs,invoice,REF-0111,144,bfe20600abc8fb8a016146fe56d1a4de4d86c11fce4cca4c5d051867bbb829d0,true
fixture-0112,document_0112.md,2026-04-04_Riverstone-Co_meeting-notes_REF-0112.md,md,2026-04-04,Riverstone-Co,meeting-notes,REF-0112,140,8decb66e17f66179bdd47ae2ec6dd4f09fe80240c2bd454d6152be3579b1707c,true
fixture-0113,document_0113.csv,2026-05-05_Bluebird-Health_invoice_REF-0113.csv,csv,2026-05-05,Bluebird-Health,invoice,REF-0113,105,a866c2c18f2e8719a1e07f3d7658b9626992168585bc2a7c1d7d9135cfef3cdd,true
fixture-0114,document_0114.json,2026-06-06_Northstar-Studio_meeting-notes_REF-0114.json,json,2026-06-06,Northstar-Studio,meeting-notes,REF-0114,220,2aea5ad852f22f883155b3f478c93b90a5593a2d2234a3f044ef7a456878ba89,true
fixture-0115,document_0115.xml,2026-07-07_Pinecone-Works_invoice_REF-0115.xml,xml,2026-07-07,Pinecone-Works,invoice,REF-0115,158,b8a7b9ec6919c7105710b1c32257d664c11376ad9d2d7d681ee045d31e1d7e76,true
fixture-0116,document_0116.yaml,2026-08-08_Acme-Labs_meeting-notes_REF-0116.yaml,yaml,2026-08-08,Acme-Labs,meeting-notes,REF-0116,98,85bc701a0d8e9a19b0facc668f6f245127763982b0442115ab42c9fc27ea80f7,true
fixture-0117,document_0117.html,2026-09-09_Riverstone-Co_invoice_REF-0117.html,html,2026-09-09,Riverstone-Co,invoice,REF-0117,177,e3de619fba3f2414af0dc702468720c3bfab6d707258ade9aaaafdd3d1ddeac9,true
fixture-0118,document_0118.eml,2026-10-10_Bluebird-Health_meeting-notes_REF-0118.eml,eml,2026-10-10,Bluebird-Health,meeting-notes,REF-0118,158,acbe8cc85e9175ac62634376c5008e2eb2897bf1eaf19bc0edae1ba6e0730f6f,true
fixture-0119,document_0119.srt,2026-11-11_Northstar-Studio_invoice_REF-0119.srt,srt,2026-11-11,Northstar-Studio,invoice,REF-0119,77,2403de2dd219d1817a2df0de3d605b9862d51043ca03ea3a717e0c02e70511d4,true
fixture-0120,document_0120.vtt,2026-12-12_Pinecone-Works_meeting-notes_REF-0120.vtt,vtt,2026-12-12,Pinecone-Works,meeting-notes,REF-0120,81,c343595b897f5e6548b8df0cac0566b8e74a2197e8a4eaf8e739e74f7dcbb10c,true
fixture-0121,document_0121.svg,2026-01-13_Acme-Labs_invoice_REF-0121.svg,svg,2026-01-13,Acme-Labs,invoice,REF-0121,150,2a2fc2ff59fe6f143b582b75ac42cf1af10a5dfabffa665f9ebb8455a5dff9eb,true
fixture-0122,document_0122.txt,2026-02-14_Riverstone-Co_meeting-notes_REF-0122.txt,txt,2026-02-14,Riverstone-Co,meeting-notes,REF-0122,164,322081b5f5c762442d35edd71f436fcacad1645527cfb812af6579d3ad970dd0,true
fixture-0123,document_0123.md,2026-03-15_Bluebird-Health_invoice_REF-0123.md,md,2026-03-15,Bluebird-Health,invoice,REF-0123,132,a0cc58ab3c1cd34b98c8a9a43cf7fd7af5b823ac20286bcefc3c5e353a0c0ae5,true
fixture-0124,document_0124.csv,2026-04-16_Northstar-Studio_meeting-notes_REF-0124.csv,csv,2026-04-16,Northstar-Studio,meeting-notes,REF-0124,112,30b754449833f78f930b3f5baac67d4ca1c81e90fe515626eb3e5cb56c52e353,true
fixture-0125,document_0125.json,2026-05-17_Pinecone-Works_invoice_REF-0125.json,json,2026-05-17,Pinecone-Works,invoice,REF-0125,204,d36890eb424477ae35476ac6b3db987359fb6c79bef1ba02d16f2ce10edd9b82,true
fixture-0126,document_0126.xml,2026-06-18_Acme-Labs_meeting-notes_REF-0126.xml,xml,2026-06-18,Acme-Labs,meeting-notes,REF-0126,159,a40090edee6509a6abe42a149ecd938d87be26ef1a3ac57f978af4d49c9b2d68,true
fixture-0127,document_0127.yaml,2026-07-19_Riverstone-Co_invoice_REF-0127.yaml,yaml,2026-07-19,Riverstone-Co,invoice,REF-0127,96,4faa828ef3b7ac5c581e39c61daa62093e26de5d6d640a6e5350a3bc45331327,true
fixture-0128,document_0128.html,2026-08-20_Bluebird-Health_meeting-notes_REF-0128.html,html,2026-08-20,Bluebird-Health,meeting-notes,REF-0128,185,07b77962587852d989c1034a52b60d2162990ecbd5b19ac5111db9e83c90c4a7,true
fixture-0129,document_0129.eml,2026-09-21_Northstar-Studio_invoice_REF-0129.eml,eml,2026-09-21,Northstar-Studio,invoice,REF-0129,147,f5d617d10cc66269f7a3cc4aea326515a5d4e9855511d63e03fe3d8223c83c15,true
fixture-0130,document_0130.srt,2026-10-22_Pinecone-Works_meeting-notes_REF-0130.srt,srt,2026-10-22,Pinecone-Works,meeting-notes,REF-0130,81,a8f536339c2c78ef343a85ece74cddb18d8a5b4869c41a68548476b582a106c6,true
fixture-0131,document_0131.vtt,2026-11-23_Acme-Labs_invoice_REF-0131.vtt,vtt,2026-11-23,Acme-Labs,invoice,REF-0131,70,9235852970ce2b32ddc683a88dc90ba1d856022a347c92b4009a0bd2076254ef,true
fixture-0132,document_0132.svg,2026-12-24_Riverstone-Co_meeting-notes_REF-0132.svg,svg,2026-12-24,Riverstone-Co,meeting-notes,REF-0132,160,5a51b100297ea47d1503291027527ba066b670122834375ce61a327c85e3cc2e,true
fixture-0133,document_0133.txt,2026-01-25_Bluebird-Health_invoice_REF-0133.txt,txt,2026-01-25,Bluebird-Health,invoice,REF-0133,156,372b3093b6b05ecfc58ee5b34bdc770a3061a6a4dca8610466f4dc3932782ce7,true
fixture-0134,document_0134.md,2026-02-26_Northstar-Studio_meeting-notes_REF-0134.md,md,2026-02-26,Northstar-Studio,meeting-notes,REF-0134,146,bbe22d357c777ad61fd7c06814edab5c2c2d52d323d228ccc17e37424877af70,true
fixture-0135,document_0135.csv,2026-03-27_Pinecone-Works_invoice_REF-0135.csv,csv,2026-03-27,Pinecone-Works,invoice,REF-0135,104,daa3d327ddce7ffc9308e77195db96361598ccc31719ca0af2ab841d3983ef57,true
fixture-0136,document_0136.json,2026-04-01_Acme-Labs_meeting-notes_REF-0136.json,json,2026-04-01,Acme-Labs,meeting-notes,REF-0136,206,7d836f91334ecc87a6d87601868de28826373571a1afb27dd07a00d3814fe2e7,true
fixture-0137,document_0137.xml,2026-05-02_Riverstone-Co_invoice_REF-0137.xml,xml,2026-05-02,Riverstone-Co,invoice,REF-0137,157,469128d1d34e3917f96666fafa3abf9720d27f8d6f45ee24a339344eb53b6b06,true
fixture-0138,document_0138.yaml,2026-06-03_Bluebird-Health_meeting-notes_REF-0138.yaml,yaml,2026-06-03,Bluebird-Health,meeting-notes,REF-0138,104,ece2a93e4a5345c6b907ae7cd560dcd5e74f1fec8d68e646d7081e5a87c579a6,true
fixture-0139,document_0139.html,2026-07-04_Northstar-Studio_invoice_REF-0139.html,html,2026-07-04,Northstar-Studio,invoice,REF-0139,180,df44f41aeaf8a30e5a6a2cf66d04af42dadb877c2af98ecc5b1074e3202d943e,true
fixture-0140,document_0140.eml,2026-08-05_Pinecone-Works_meeting-notes_REF-0140.eml,eml,2026-08-05,Pinecone-Works,meeting-notes,REF-0140,157,f8df00ff3bb1e97b7bb3f72ec9a211646819e29477fb8635fabceac011ddf73b,true
fixture-0141,document_0141.srt,2026-09-06_Acme-Labs_invoice_REF-0141.srt,srt,2026-09-06,Acme-Labs,invoice,REF-0141,70,dc6dc9696239f4a1891a803260522fca5f24aba86ce993806d036a1579177d9b,true
fixture-0142,document_0142.vtt,2026-10-07_Riverstone-Co_meeting-notes_REF-0142.vtt,vtt,2026-10-07,Riverstone-Co,meeting-notes,REF-0142,80,f444469839a762dfed606ffe240e685d12665b50f1b619dd821cdedd0130a078,true
fixture-0143,document_0143.svg,2026-11-08_Bluebird-Health_invoice_REF-0143.svg,svg,2026-11-08,Bluebird-Health,invoice,REF-0143,156,b7bed8ffa3857dd4db3c93e6eca3c1125ea1a717e7619ce3c1f4c1701bffa728,true
fixture-0144,document_0144.txt,2026-12-09_Northstar-Studio_meeting-notes_REF-0144.txt,txt,2026-12-09,Northstar-Studio,meeting-notes,REF-0144,170,096a6bf8a729a8d9b18e0bf8f621d97d4dd5f433ebb49926c7759b21c96b42a6,true
fixture-0145,document_0145.md,2026-01-10_Pinecone-Works_invoice_REF-0145.md,md,2026-01-10,Pinecone-Works,invoice,REF-0145,130,8186ecff918522acda13b1d1d162f4e7c0d164b9571979b079bb00fb889471d5,true
fixture-0146,document_0146.csv,2026-02-11_Acme-Labs_meeting-notes_REF-0146.csv,csv,2026-02-11,Acme-Labs,meeting-notes,REF-0146,105,c0b6449459417263408c1ae1f1b9e0499450daaf033466c3a034f46160963a4d,true
fixture-0147,document_0147.json,2026-03-12_Riverstone-Co_invoice_REF-0147.json,json,2026-03-12,Riverstone-Co,invoice,REF-0147,202,f305f02c474f499f98a1437c391aaf163c16e829f17462d2407664105e6b92f0,true
fixture-0148,document_0148.xml,2026-04-13_Bluebird-Health_meeting-notes_REF-0148.xml,xml,2026-04-13,Bluebird-Health,meeting-notes,REF-0148,165,2c454bd55683b5387682879cf0395ad587bec9d6b886a129cca247f8dc7c00a5,true
fixture-0149,document_0149.yaml,2026-05-14_Northstar-Studio_invoice_REF-0149.yaml,yaml,2026-05-14,Northstar-Studio,invoice,REF-0149,99,6834fc0c4bb32f7818ffa93a1b7b6ffbbe1b68b9456f4a7bf0616cbb4c551a0d,true
fixture-0150,document_0150.html,2026-06-15_Pinecone-Works_meeting-notes_REF-0150.html,html,2026-06-15,Pinecone-Works,meeting-notes,REF-0150,184,44a7b01bc8f33e63b02abbf9b93a54e0f3b09c488d4e011392fe3b8350fb5dc8,true
fixture-0151,document_0151.eml,2026-07-16_Acme-Labs_invoice_REF-0151.eml,eml,2026-07-16,Acme-Labs,invoice,REF-0151,140,7b7e824265370e1edc7de13210e41f477c03d275a8e43e43e1a0489a0742c6c9,true
fixture-0152,document_0152.srt,2026-08-17_Riverstone-Co_meeting-notes_REF-0152.srt,srt,2026-08-17,Riverstone-Co,meeting-notes,REF-0152,80,c27179c45396815f5e5f4ae95bf6fb1e400eed805a0101f5f28b52d7f06658e0,true
fixture-0153,document_0153.vtt,2026-09-18_Bluebird-Health_invoice_REF-0153.vtt,vtt,2026-09-18,Bluebird-Health,invoice,REF-0153,76,a6f4e7e7217be29d5f7bdfb3b2c52ca01d3a3ad634564db93f0e609fd2cb5174,true
fixture-0154,document_0154.svg,2026-10-19_Northstar-Studio_meeting-notes_REF-0154.svg,svg,2026-10-19,Northstar-Studio,meeting-notes,REF-0154,163,0bc9caf9596c3b7ec1b14670d232fe97bd3bce7f4690357d49c07c89c7580b4a,true
fixture-0155,document_0155.txt,2026-11-20_Pinecone-Works_invoice_REF-0155.txt,txt,2026-11-20,Pinecone-Works,invoice,REF-0155,154,c7a499beb009b83389de318b105e7f568ea26ebdb101a663018967a0000d09d2,true
fixture-0156,document_0156.md,2026-12-21_Acme-Labs_meeting-notes_REF-0156.md,md,2026-12-21,Acme-Labs,meeting-notes,REF-0156,132,b0e1ad0844f59a57c975500cd6e9d75f8e5a9edd207b0a2ce14e468b7f53c48f,true
fixture-0157,document_0157.csv,2026-01-22_Riverstone-Co_invoice_REF-0157.csv,csv,2026-01-22,Riverstone-Co,invoice,REF-0157,103,756335c2e3d62889ffdbe91fc0f2661c0a5e5e6975dde1891d5dfecc09f967bf,true
fixture-0158,document_0158.json,2026-02-23_Bluebird-Health_meeting-notes_REF-0158.json,json,2026-02-23,Bluebird-Health,meeting-notes,REF-0158,218,732bf188450930012356e790f3d62080606db4760b9200e76ffeb09a26ff9735,true
fixture-0159,document_0159.xml,2026-03-24_Northstar-Studio_invoice_REF-0159.xml,xml,2026-03-24,Northstar-Studio,invoice,REF-0159,160,ad15c8c22368a2c8110f6dd521bd4f55334693b3a9a712eb206cf4af3247645e,true
fixture-0160,document_0160.yaml,2026-04-25_Pinecone-Works_meeting-notes_REF-0160.yaml,yaml,2026-04-25,Pinecone-Works,meeting-notes,REF-0160,103,83ce71d4e9c376274d32af6b6c0d8698affc1c4eaddec42dca667044180de93c,true
fixture-0161,document_0161.html,2026-05-26_Acme-Labs_invoice_REF-0161.html,html,2026-05-26,Acme-Labs,invoice,REF-0161,173,339628b191a6e949c9b7d283f05fa94ba6c94678501cf7c9ec44f0ab2b7c69f4,true
fixture-0162,document_0162.eml,2026-06-27_Riverstone-Co_meeting-notes_REF-0162.eml,eml,2026-06-27,Riverstone-Co,meeting-notes,REF-0162,156,2196e66eece445f864b838ebc7a953542b1c08c17929e9f205afca83abdc6dd9,true
fixture-0163,document_0163.srt,2026-07-01_Bluebird-Health_invoice_REF-0163.srt,srt,2026-07-01,Bluebird-Health,invoice,REF-0163,76,4e86ddc8e6093a68ac7893805ddfb026ff3e1d2144aee370adfed869a3c070cb,true
fixture-0164,document_0164.vtt,2026-08-02_Northstar-Studio_meeting-notes_REF-0164.vtt,vtt,2026-08-02,Northstar-Studio,meeting-notes,REF-0164,83,026a3cce4d0caefe4a9e01d2168d36ff8e2263d604176f1ed2288521cbe25e12,true
fixture-0165,document_0165.svg,2026-09-03_Pinecone-Works_invoice_REF-0165.svg,svg,2026-09-03,Pinecone-Works,invoice,REF-0165,155,2cace67f3128bb47524d59631b55141c442b90b24c0b8fab152c6ad32300f2ef,true
fixture-0166,document_0166.txt,2026-10-04_Acme-Labs_meeting-notes_REF-0166.txt,txt,2026-10-04,Acme-Labs,meeting-notes,REF-0166,156,e24d4b1c5eb31ab5db1bd91cdfb07f4d5ed1aede69add0d1e02633660ad8b8c2,true
fixture-0167,document_0167.md,2026-11-05_Riverstone-Co_invoice_REF-0167.md,md,2026-11-05,Riverstone-Co,invoice,REF-0167,128,0358374b45938dcd16a448ae901feb4bc9290a9a452a8123e326e567804f7a31,true
fixture-0168,document_0168.csv,2026-12-06_Bluebird-Health_meeting-notes_REF-0168.csv,csv,2026-12-06,Bluebird-Health,meeting-notes,REF-0168,111,8f82f8a3ed7d292a2f748b8948ee89b89b05b85c45c66ffd7ae880cd52e22811,true
fixture-0169,document_0169.json,2026-01-07_Northstar-Studio_invoice_REF-0169.json,json,2026-01-07,Northstar-Studio,invoice,REF-0169,208,210563273f61c32285cc373a0bd416a8e74539e355d91843ec2ec5744dc27ab7,true
fixture-0170,document_0170.xml,2026-02-08_Pinecone-Works_meeting-notes_REF-0170.xml,xml,2026-02-08,Pinecone-Works,meeting-notes,REF-0170,164,8762bdf68b8a659bbb5121adfe67300fcd736a967e234723c707a04122d369aa,true
fixture-0171,document_0171.yaml,2026-03-09_Acme-Labs_invoice_REF-0171.yaml,yaml,2026-03-09,Acme-Labs,invoice,REF-0171,92,ffc3a6f4013eac5a9800e0fdc033fc3e3324603af9008b272cb1611bc60f7923,true
fixture-0172,document_0172.html,2026-04-10_Riverstone-Co_meeting-notes_REF-0172.html,html,2026-04-10,Riverstone-Co,meeting-notes,REF-0172,183,03217eb050a0624f4b0240dc79f0e206d872451e7f372bc771373b297f81a0cc,true
fixture-0173,document_0173.eml,2026-05-11_Bluebird-Health_invoice_REF-0173.eml,eml,2026-05-11,Bluebird-Health,invoice,REF-0173,146,40188008ad22b123f4e68339060bd3380e6f1e6e857662664c2ea90ade976bf4,true
fixture-0174,document_0174.srt,2026-06-12_Northstar-Studio_meeting-notes_REF-0174.srt,srt,2026-06-12,Northstar-Studio,meeting-notes,REF-0174,83,8d32f882b02430653959b91d5cffe5a480d3b506260fbe543771260f3ba282c7,true
fixture-0175,document_0175.vtt,2026-07-13_Pinecone-Works_invoice_REF-0175.vtt,vtt,2026-07-13,Pinecone-Works,invoice,REF-0175,75,5e200594f4a4e16f06da810467858a070b3bb8519ef4bf40e6ef5f61069526f0,true
fixture-0176,document_0176.svg,2026-08-14_Acme-Labs_meeting-notes_REF-0176.svg,svg,2026-08-14,Acme-Labs,meeting-notes,REF-0176,156,aff401d45e4b0194f2c0cddc03a67327f697f9171c518b23d59f0b245aab2d88,true
fixture-0177,document_0177.txt,2026-09-15_Riverstone-Co_invoice_REF-0177.txt,txt,2026-09-15,Riverstone-Co,invoice,REF-0177,152,6bf7d1dc0931e3a5816ce6d9fb7f27dc68e782060995891a17ea9003c2a4421f,true
fixture-0178,document_0178.md,2026-10-16_Bluebird-Health_meeting-notes_REF-0178.md,md,2026-10-16,Bluebird-Health,meeting-notes,REF-0178,144,bdbd950fffd8c8ce2e0d7aaae475f6ef7746ef92e76c37ef3d8c18ea68ab0cd4,true
fixture-0179,document_0179.csv,2026-11-17_Northstar-Studio_invoice_REF-0179.csv,csv,2026-11-17,Northstar-Studio,invoice,REF-0179,106,bb60b5d554803cc989a448ba64aff71e5cec62db68976f607451996b79d3a867,true
fixture-0180,document_0180.json,2026-12-18_Pinecone-Works_meeting-notes_REF-0180.json,json,2026-12-18,Pinecone-Works,meeting-notes,REF-0180,216,bca77dee83a2c9c449ccd67d8fa16d8fd20b0d89bf1c58932abca0fb5f60ba47,true
fixture-0181,document_0181.xml,2026-01-19_Acme-Labs_invoice_REF-0181.xml,xml,2026-01-19,Acme-Labs,invoice,REF-0181,153,c7dfe50a4b310c21f650d8b6351d9c4faa951675ff52f851778c574feb196101,true
fixture-0182,document_0182.yaml,2026-02-20_Riverstone-Co_meeting-notes_REF-0182.yaml,yaml,2026-02-20,Riverstone-Co,meeting-notes,REF-0182,102,d54f2ba8e1b351d0cbcdd6276b720c6f073d76a0c8cacd658dec69491c9eafde,true
fixture-0183,document_0183.html,2026-03-21_Bluebird-Health_invoice_REF-0183.html,html,2026-03-21,Bluebird-Health,invoice,REF-0183,179,dcb136c918973e372a596423c5d248b834c5c06b63dd3248b47f90ddbc60a8f6,true
fixture-0184,document_0184.eml,2026-04-22_Northstar-Studio_meeting-notes_REF-0184.eml,eml,2026-04-22,Northstar-Studio,meeting-notes,REF-0184,159,8acbda3e1429721c37815ede07681fb7b598a8fb51863083ef634cab248b5048,true
fixture-0185,document_0185.srt,2026-05-23_Pinecone-Works_invoice_REF-0185.srt,srt,2026-05-23,Pinecone-Works,invoice,REF-0185,75,ee014f3a96195baabad33987bc75bf588886b847b0a1a286f97ce20793a6560c,true
fixture-0186,document_0186.vtt,2026-06-24_Acme-Labs_meeting-notes_REF-0186.vtt,vtt,2026-06-24,Acme-Labs,meeting-notes,REF-0186,76,a082190383253ab208a37418b95c32fc58fbca8f46fbdd2fac55e73215937ba7,true
fixture-0187,document_0187.svg,2026-07-25_Riverstone-Co_invoice_REF-0187.svg,svg,2026-07-25,Riverstone-Co,invoice,REF-0187,154,e4d9ac00fc832613a25e1c1ab168eb04b5a547044dd38f68b94c8618e17fff42,true
fixture-0188,document_0188.txt,2026-08-26_Bluebird-Health_meeting-notes_REF-0188.txt,txt,2026-08-26,Bluebird-Health,meeting-notes,REF-0188,168,5fd9ea7e6caf363dd78aad624cd7a09057310058b670113cea00ef52f92c1ca2,true
fixture-0189,document_0189.md,2026-09-27_Northstar-Studio_invoice_REF-0189.md,md,2026-09-27,Northstar-Studio,invoice,REF-0189,134,0b24ef69b59f261b8737d8a374a62c8ff43a09518fc74340c770009154f7a02d,true
fixture-0190,document_0190.csv,2026-10-01_Pinecone-Works_meeting-notes_REF-0190.csv,csv,2026-10-01,Pinecone-Works,meeting-notes,REF-0190,110,da1eff1a23ffcfe2b0cfb9aa1618739b17c26a0f1fd3415a3f9e65392528d10d,true
fixture-0191,document_0191.json,2026-11-02_Acme-Labs_invoice_REF-0191.json,json,2026-11-02,Acme-Labs,invoice,REF-0191,194,27faceb120cf777e6899f28ee6455f3827746e78a9a1ed145240b4d25d84d0e3,true
fixture-0192,document_0192.xml,2026-12-03_Riverstone-Co_meeting-notes_REF-0192.xml,xml,2026-12-03,Riverstone-Co,meeting-notes,REF-0192,163,540450ed68cdfad12cf62900aa2727a699980e56c2c12abc690efa1442abf897,true
fixture-0193,document_0193.yaml,2026-01-04_Bluebird-Health_invoice_REF-0193.yaml,yaml,2026-01-04,Bluebird-Health,invoice,REF-0193,98,477f16ba2f0820b5960af6913df24a1c6a777758e66b8a8af813b884406f3f61,true
fixture-0194,document_0194.html,2026-02-05_Northstar-Studio_meeting-notes_REF-0194.html,html,2026-02-05,Northstar-Studio,meeting-notes,REF-0194,186,2fbd56687400943bef4ee6348766ecbb72f0c006e76186dd39592fa1075c1521,true
fixture-0195,document_0195.eml,2026-03-06_Pinecone-Works_invoice_REF-0195.eml,eml,2026-03-06,Pinecone-Works,invoice,REF-0195,145,6071e5ebdcd4a375f1de8860525e9693a338cebe3a4a07a89ec88aefdb42c3c9,true
fixture-0196,document_0196.srt,2026-04-07_Acme-Labs_meeting-notes_REF-0196.srt,srt,2026-04-07,Acme-Labs,meeting-notes,REF-0196,76,cbf167f1904548296b74c9b9f010adaf0845429b10741e0f007cc1e5bb69a22b,true
fixture-0197,document_0197.vtt,2026-05-08_Riverstone-Co_invoice_REF-0197.vtt,vtt,2026-05-08,Riverstone-Co,invoice,REF-0197,74,965c3baab3de05e63a4f267bd32103e8b01f36a0553b84ce8c4f03812d6f38c7,true
fixture-0198,document_0198.svg,2026-06-09_Bluebird-Health_meeting-notes_REF-0198.svg,svg,2026-06-09,Bluebird-Health,meeting-notes,REF-0198,162,54f848f2d615eb18d45ad56c7d26f65648311f33ce8ce1052e55f887cfd820dd,true
fixture-0199,document_0199.txt,2026-07-10_Northstar-Studio_invoice_REF-0199.txt,txt,2026-07-10,Northstar-Studio,invoice,REF-0199,158,73266b7078887b734edaae5af59aa0495613366234624af4e930955fa17911b5,true
fixture-0200,document_0200.md,2026-08-11_Pinecone-Works_meeting-notes_REF-0200.md,md,2026-08-11,Pinecone-Works,meeting-notes,REF-0200,142,9a942a1fd8aff652142e4cccf489b1bea184ce9b3e981aa1c5351d10760aa21d,true
fixture-0201,document_0201.csv,2026-09-12_Acme-Labs_invoice_REF-0201.csv,csv,2026-09-12,Acme-Labs,invoice,REF-0201,99,ca821ee7a0d11b5a4db5833917750573ee7e256225f843c2b694f327fd8ae469,true
fixture-0202,document_0202.json,2026-10-13_Riverstone-Co_meeting-notes_REF-0202.json,json,2026-10-13,Riverstone-Co,meeting-notes,REF-0202,214,9952f40ce219bff34e948db5fb6b68a17f6f27d4bebc674f9c311bf69ae61479,true
fixture-0203,document_0203.xml,2026-11-14_Bluebird-Health_invoice_REF-0203.xml,xml,2026-11-14,Bluebird-Health,invoice,REF-0203,159,ddcae21774a645788e077c2576993247f0344f558b0055fb65003ebfd69cf81b,true
fixture-0204,document_0204.yaml,2026-12-15_Northstar-Studio_meeting-notes_REF-0204.yaml,yaml,2026-12-15,Northstar-Studio,meeting-notes,REF-0204,105,c120ba7793a36b422a2f4dba7becdc0a4da94313d96db81ae12fa67ea4ad0b16,true
fixture-0205,document_0205.html,2026-01-16_Pinecone-Works_invoice_REF-0205.html,html,2026-01-16,Pinecone-Works,invoice,REF-0205,178,b7abe79ff61dfe68952d4f76b76fabd4911aaa464e6fa172504f773a6776e56b,true
fixture-0206,document_0206.eml,2026-02-17_Acme-Labs_meeting-notes_REF-0206.eml,eml,2026-02-17,Acme-Labs,meeting-notes,REF-0206,152,d043ea5d1803f2640a2cd942b086646ac5e654df42b8ad227a59a1d262379ac8,true
fixture-0207,document_0207.srt,2026-03-18_Riverstone-Co_invoice_REF-0207.srt,srt,2026-03-18,Riverstone-Co,invoice,REF-0207,74,3cfde259893284bf0764e4bbc58f2a2fc104f1cd3608b50e98ffa6e5bcc8c8ba,true
fixture-0208,document_0208.vtt,2026-04-19_Bluebird-Health_meeting-notes_REF-0208.vtt,vtt,2026-04-19,Bluebird-Health,meeting-notes,REF-0208,82,5b2670282a4270a38a0d3ad1a4d3a2be18161060a4ef4ee342051f0746bd65f1,true
fixture-0209,document_0209.svg,2026-05-20_Northstar-Studio_invoice_REF-0209.svg,svg,2026-05-20,Northstar-Studio,invoice,REF-0209,157,00d48ea59e9e5e60919f7a11e21edb5700fe6669d1e405d1148126779730c0ea,true
fixture-0210,document_0210.txt,2026-06-21_Pinecone-Works_meeting-notes_REF-0210.txt,txt,2026-06-21,Pinecone-Works,meeting-notes,REF-0210,166,3411a1b927e4858dc7ff10f153a7f4c4dedef350932e453c3a3ad0d7ed6fe0ec,true
fixture-0211,document_0211.md,2026-07-22_Acme-Labs_invoice_REF-0211.md,md,2026-07-22,Acme-Labs,invoice,REF-0211,120,529caa41700a4659ca6c4717ee7c233f8884ceaeff282ecbb959813bf045cebb,true
fixture-0212,document_0212.csv,2026-08-23_Riverstone-Co_meeting-notes_REF-0212.csv,csv,2026-08-23,Riverstone-Co,meeting-notes,REF-0212,109,3c1f120e2a240a35e146e5c0a1c97c5fddea7e6c01d60590bc702efe1135bc30,true
fixture-0213,document_0213.json,2026-09-24_Bluebird-Health_invoice_REF-0213.json,json,2026-09-24,Bluebird-Health,invoice,REF-0213,206,209280ac9ab63e7b3d33dc71ad6671d35957052bf8e3194d352af1c34804a354,true
fixture-0214,document_0214.xml,2026-10-25_Northstar-Studio_meeting-notes_REF-0214.xml,xml,2026-10-25,Northstar-Studio,meeting-notes,REF-0214,166,2d857ed3bdea158327b9cb7c34d28be2b794aa9cbff20753c6d972f6d7f43528,true
fixture-0215,document_0215.yaml,2026-11-26_Pinecone-Works_invoice_REF-0215.yaml,yaml,2026-11-26,Pinecone-Works,invoice,REF-0215,97,ac038bccb3320b6f14222d9c46cec7d973662bdcf816a90794373c60be4194ca,true
fixture-0216,document_0216.html,2026-12-27_Acme-Labs_meeting-notes_REF-0216.html,html,2026-12-27,Acme-Labs,meeting-notes,REF-0216,179,b269bd8c18533edf3f4408bb14440c983e1c67f72af3b5e6e9dd3750df4a2e20,true
fixture-0217,document_0217.eml,2026-01-01_Riverstone-Co_invoice_REF-0217.eml,eml,2026-01-01,Riverstone-Co,invoice,REF-0217,144,fc7ed0f5d3735c71634558dd81fec12bead987b6150abceb69533db9c12056e6,true
fixture-0218,document_0218.srt,2026-02-02_Bluebird-Health_meeting-notes_REF-0218.srt,srt,2026-02-02,Bluebird-Health,meeting-notes,REF-0218,82,68e5a63916dfe2a5e54b46ff67301f8cb2fb058a3e434e1e6eb7f428950982c3,true
fixture-0219,document_0219.vtt,2026-03-03_Northstar-Studio_invoice_REF-0219.vtt,vtt,2026-03-03,Northstar-Studio,invoice,REF-0219,77,71680c161a78f5531d8a3ff8d64e7196c749ff1e7a70b68e55dbc6f8b982fc95,true
fixture-0220,document_0220.svg,2026-04-04_Pinecone-Works_meeting-notes_REF-0220.svg,svg,2026-04-04,Pinecone-Works,meeting-notes,REF-0220,161,c516717cc3c5ff8ca2e3552f24bab17e8714c1eb14920397435b59db2fbd19b9,true
fixture-0221,document_0221.txt,2026-05-05_Acme-Labs_invoice_REF-0221.txt,txt,2026-05-05,Acme-Labs,invoice,REF-0221,144,2d1e417629b6c98414c406974f1287c4156eac8c1d494cc6d55861025d4c31c5,true
fixture-0222,document_0222.md,2026-06-06_Riverstone-Co_meeting-notes_REF-0222.md,md,2026-06-06,Riverstone-Co,meeting-notes,REF-0222,140,a0261d68b0a00fe8545adc54d3e442fd582ddbaadbf42cdd4e0e8ce1f1702e8b,true
fixture-0223,document_0223.csv,2026-07-07_Bluebird-Health_invoice_REF-0223.csv,csv,2026-07-07,Bluebird-Health,invoice,REF-0223,105,7110ff72063b67bb9a4a58c08b2b9555e03e1029e67c8c721c41a1fd36654585,true
fixture-0224,document_0224.json,2026-08-08_Northstar-Studio_meeting-notes_REF-0224.json,json,2026-08-08,Northstar-Studio,meeting-notes,REF-0224,220,4407e2f2af7c2b1a20a9d48650fdbdb723171974d8cce7fd8893d462d133a884,true
fixture-0225,document_0225.xml,2026-09-09_Pinecone-Works_invoice_REF-0225.xml,xml,2026-09-09,Pinecone-Works,invoice,REF-0225,158,e42ae71115afbcd49b3370f65eb95ebbe253ce65454bb22c433543b2cb9923db,true
fixture-0226,document_0226.yaml,2026-10-10_Acme-Labs_meeting-notes_REF-0226.yaml,yaml,2026-10-10,Acme-Labs,meeting-notes,REF-0226,98,a18ca7daf85c2b1b6136cdfa4d85ab80d439caf278369b6b37e8a62a245fdbe7,true
fixture-0227,document_0227.html,2026-11-11_Riverstone-Co_invoice_REF-0227.html,html,2026-11-11,Riverstone-Co,invoice,REF-0227,177,7f78c3384ba2bd54c7d9f450085d2a0bf5ae17af751f4e9609033ca195055aa9,true
fixture-0228,document_0228.eml,2026-12-12_Bluebird-Health_meeting-notes_REF-0228.eml,eml,2026-12-12,Bluebird-Health,meeting-notes,REF-0228,158,733515fb2b1a4c9ab0f16d90ffe7eeb4451707cacf933c53c2bb5646efc4e11a,true
fixture-0229,document_0229.srt,2026-01-13_Northstar-Studio_invoice_REF-0229.srt,srt,2026-01-13,Northstar-Studio,invoice,REF-0229,77,749138048605981bacee81b1601ec266374ce7280986519854f461fd8c578644,true
fixture-0230,document_0230.vtt,2026-02-14_Pinecone-Works_meeting-notes_REF-0230.vtt,vtt,2026-02-14,Pinecone-Works,meeting-notes,REF-0230,81,7338b28bc8ec10158abe7904319ead789a3d70b535602f3fa944371ce3d4e8da,true
fixture-0231,document_0231.svg,2026-03-15_Acme-Labs_invoice_REF-0231.svg,svg,2026-03-15,Acme-Labs,invoice,REF-0231,150,56f0b0d673d0730e7e1a06735a7beb29bbf63777d4c6832bf09155d4ba00dfb3,true
fixture-0232,document_0232.txt,2026-04-16_Riverstone-Co_meeting-notes_REF-0232.txt,txt,2026-04-16,Riverstone-Co,meeting-notes,REF-0232,164,7ab4e65b476349b37a5b9e051fd18b4cf2c5fc21bd89be2e0efcc99b3fd856ce,true
fixture-0233,document_0233.md,2026-05-17_Bluebird-Health_invoice_REF-0233.md,md,2026-05-17,Bluebird-Health,invoice,REF-0233,132,00f659a5cce4372e39060a1aede0bcac11b2abaf6910b420a4c8fdf9b107e466,true
fixture-0234,document_0234.csv,2026-06-18_Northstar-Studio_meeting-notes_REF-0234.csv,csv,2026-06-18,Northstar-Studio,meeting-notes,REF-0234,112,aab044da7c359d3750fb53f7c24930e2f14fafd25b62cc15866d1651fdf5a172,true
fixture-0235,document_0235.json,2026-07-19_Pinecone-Works_invoice_REF-0235.json,json,2026-07-19,Pinecone-Works,invoice,REF-0235,204,936192f9499b688b2751ab6b9a142d1126f0bdbaa824b98ef21736a76fdacbea,true
fixture-0236,document_0236.xml,2026-08-20_Acme-Labs_meeting-notes_REF-0236.xml,xml,2026-08-20,Acme-Labs,meeting-notes,REF-0236,159,b3ff232dbacd911ae3f70ccb43cc7f554566e6cea5a91287b4ea6b5810593f39,true
fixture-0237,document_0237.yaml,2026-09-21_Riverstone-Co_invoice_REF-0237.yaml,yaml,2026-09-21,Riverstone-Co,invoice,REF-0237,96,443c27dab89081f5c9c8c4c196b88e1b17389744715ff63d933f6dbbedd22102,true
fixture-0238,document_0238.html,2026-10-22_Bluebird-Health_meeting-notes_REF-0238.html,html,2026-10-22,Bluebird-Health,meeting-notes,REF-0238,185,f0ac8305641de2d0fb98ce81188c6552849869dbe2c4fe4c8b3e070d81e3ad58,true
fixture-0239,document_0239.eml,2026-11-23_Northstar-Studio_invoice_REF-0239.eml,eml,2026-11-23,Northstar-Studio,invoice,REF-0239,147,16cff45d08cc7339a804335daa8d5c5bd8cb3f15108247ddabd0333b32300f81,true
fixture-0240,document_0240.srt,2026-12-24_Pinecone-Works_meeting-notes_REF-0240.srt,srt,2026-12-24,Pinecone-Works,meeting-notes,REF-0240,81,c9fe7af6a2c18c2a146d0ef790e4d2da60015173fe5f4b5a2a287fa79c31da12,true
fixture-0241,document_0241.vtt,2026-01-25_Acme-Labs_invoice_REF-0241.vtt,vtt,2026-01-25,Acme-Labs,invoice,REF-0241,70,c475d6a5c189dccc08887567a064edce16375bbbdfe013c484329c2abddbb4eb,true
fixture-0242,document_0242.svg,2026-02-26_Riverstone-Co_meeting-notes_REF-0242.svg,svg,2026-02-26,Riverstone-Co,meeting-notes,REF-0242,160,3d235bdb21414e6ee76e0ccd568726534f64b299cc7553b429681c830a2247cd,true
fixture-0243,document_0243.txt,2026-03-27_Bluebird-Health_invoice_REF-0243.txt,txt,2026-03-27,Bluebird-Health,invoice,REF-0243,156,b81935916288e44b0c944cc98167009c02ca74559535a20aac9928c7b1ca16d0,true
fixture-0244,document_0244.md,2026-04-01_Northstar-Studio_meeting-notes_REF-0244.md,md,2026-04-01,Northstar-Studio,meeting-notes,REF-0244,146,fbcc7e9538091b53f471f536729dda909dda3df02cb809a203ebd5381f02ed20,true
fixture-0245,document_0245.csv,2026-05-02_Pinecone-Works_invoice_REF-0245.csv,csv,2026-05-02,Pinecone-Works,invoice,REF-0245,104,d4a4760d951106e491b5c2e0daeaf78775a37d3afda3ff2d3566c5623f5390e6,true
fixture-0246,document_0246.json,2026-06-03_Acme-Labs_meeting-notes_REF-0246.json,json,2026-06-03,Acme-Labs,meeting-notes,REF-0246,206,89197c4491caa322d25a5a1ade67c5aaf54071cc7afd97881b9ba0f73c3cf9b6,true
fixture-0247,document_0247.xml,2026-07-04_Riverstone-Co_invoice_REF-0247.xml,xml,2026-07-04,Riverstone-Co,invoice,REF-0247,157,2c3454f6e04dbaf4176717662117c26761b23c6b5831b861b19c454c454634d2,true
fixture-0248,document_0248.yaml,2026-08-05_Bluebird-Health_meeting-notes_REF-0248.yaml,yaml,2026-08-05,Bluebird-Health,meeting-notes,REF-0248,104,78df7232f081de6628d955cae40eb7527cfd01e4f3e70d61e6751549f48ee56d,true
fixture-0249,document_0249.html,2026-09-06_Northstar-Studio_invoice_REF-0249.html,html,2026-09-06,Northstar-Studio,invoice,REF-0249,180,887b2e73699c785778a0134d7377e58bcbd05d6eb2e1a74012bcc2359b86e217,true
fixture-0250,document_0250.eml,2026-10-07_Pinecone-Works_meeting-notes_REF-0250.eml,eml,2026-10-07,Pinecone-Works,meeting-notes,REF-0250,157,5d40924506d4454425df9d0cea50164ae0206b15d2ccbd4c6460bd232157450d,true
fixture-0251,document_0251.srt,2026-11-08_Acme-Labs_invoice_REF-0251.srt,srt,2026-11-08,Acme-Labs,invoice,REF-0251,70,bf191f58c611fbbe34c04ea2eb7a66c620f19dfafe4dde0fefc3bda1854fe085,true
fixture-0252,document_0252.vtt,2026-12-09_Riverstone-Co_meeting-notes_REF-0252.vtt,vtt,2026-12-09,Riverstone-Co,meeting-notes,REF-0252,80,f06f6cdf97cf6dd0d650261c1d42fbb05b331ec74387aeb84985323a6616ea94,true
fixture-0253,document_0253.svg,2026-01-10_Bluebird-Health_invoice_REF-0253.svg,svg,2026-01-10,Bluebird-Health,invoice,REF-0253,156,cb4ec9f55f26c6b7ba70dbeed0badb161f8c13a4cfd6945d2f4dd46b5ff3ac24,true
fixture-0254,document_0254.txt,2026-02-11_Northstar-Studio_meeting-notes_REF-0254.txt,txt,2026-02-11,Northstar-Studio,meeting-notes,REF-0254,170,9d77225bc710740970eac21c3cdbd182cd49d3be5eac6bee67ecab2e74caf59f,true
fixture-0255,document_0255.md,2026-03-12_Pinecone-Works_invoice_REF-0255.md,md,2026-03-12,Pinecone-Works,invoice,REF-0255,130,6d7f37d111b3e14652cf49c015e726d60c29e5c6e82eace4c00ec1ddb67b04fd,true
fixture-0256,document_0256.csv,2026-04-13_Acme-Labs_meeting-notes_REF-0256.csv,csv,2026-04-13,Acme-Labs,meeting-notes,REF-0256,105,d6f425afc7a7ef490ed6b1fd67f5c1985d70bf7e51388e13eca8e641518293e7,true
fixture-0257,document_0257.json,2026-05-14_Riverstone-Co_invoice_REF-0257.json,json,2026-05-14,Riverstone-Co,invoice,REF-0257,202,a52ce2d8760d36e0916b4dcb5f6f90542d4894e4016cf92552d16133147c87f4,true
fixture-0258,document_0258.xml,2026-06-15_Bluebird-Health_meeting-notes_REF-0258.xml,xml,2026-06-15,Bluebird-Health,meeting-notes,REF-0258,165,b4350e39d52eeb7862b154929ea97f32ded95557ecf76449b52c9df966e1f860,true
fixture-0259,document_0259.yaml,2026-07-16_Northstar-Studio_invoice_REF-0259.yaml,yaml,2026-07-16,Northstar-Studio,invoice,REF-0259,99,41d0058d7ffe5d0732bb795570799247e86397d2bac581942e1c78171e12fc06,true
fixture-0260,document_0260.html,2026-08-17_Pinecone-Works_meeting-notes_REF-0260.html,html,2026-08-17,Pinecone-Works,meeting-notes,REF-0260,184,f03496da2f01f9e2dba12bd852ddb4eb46a8fed48752d8f89217eac70a464d13,true
fixture-0261,document_0261.eml,2026-09-18_Acme-Labs_invoice_REF-0261.eml,eml,2026-09-18,Acme-Labs,invoice,REF-0261,140,00d52a7d63bcd868de53a368578271dbc4a7b6017e70bb6921ea5f5be940e3cc,true
fixture-0262,document_0262.srt,2026-10-19_Riverstone-Co_meeting-notes_REF-0262.srt,srt,2026-10-19,Riverstone-Co,meeting-notes,REF-0262,80,2c7caba6b1ceb84c15be8e5be194498974ff76fa626142a0d0b8e2a2189ab9e7,true
fixture-0263,document_0263.vtt,2026-11-20_Bluebird-Health_invoice_REF-0263.vtt,vtt,2026-11-20,Bluebird-Health,invoice,REF-0263,76,c89b4a7054b35c6c6283dfc7166b5eb7b2c919ad74ce0479e009961d2e5d014b,true
fixture-0264,document_0264.svg,2026-12-21_Northstar-Studio_meeting-notes_REF-0264.svg,svg,2026-12-21,Northstar-Studio,meeting-notes,REF-0264,163,3dfa454e3971b355c28827f0931b099b26b5694b70df64a4234b4821743f4c4c,true
fixture-0265,document_0265.txt,2026-01-22_Pinecone-Works_invoice_REF-0265.txt,txt,2026-01-22,Pinecone-Works,invoice,REF-0265,154,18a9265829d851fa548252817838d32d0ab9f07b5b4284f3efb0050b8723beb6,true
fixture-0266,document_0266.md,2026-02-23_Acme-Labs_meeting-notes_REF-0266.md,md,2026-02-23,Acme-Labs,meeting-notes,REF-0266,132,3718a1da1c89f6100a66aea167ea2a0a7072d9b310cb06361546032284f3a65c,true
fixture-0267,document_0267.csv,2026-03-24_Riverstone-Co_invoice_REF-0267.csv,csv,2026-03-24,Riverstone-Co,invoice,REF-0267,103,20ab0f5e7eeea2bb9a5932ef869cc21369d7cdbcb4a36aa9e07ab25a8cc9b00b,true
fixture-0268,document_0268.json,2026-04-25_Bluebird-Health_meeting-notes_REF-0268.json,json,2026-04-25,Bluebird-Health,meeting-notes,REF-0268,218,38658b14143416ecc8af8eeb2826fb524105aabf331c47bb33badbffb19fca1d,true
fixture-0269,document_0269.xml,2026-05-26_Northstar-Studio_invoice_REF-0269.xml,xml,2026-05-26,Northstar-Studio,invoice,REF-0269,160,f42a3ccd92b83dfdc2a2acfcd18c91919c4d5f2f6309296ad2d233f9a101115d,true
fixture-0270,document_0270.yaml,2026-06-27_Pinecone-Works_meeting-notes_REF-0270.yaml,yaml,2026-06-27,Pinecone-Works,meeting-notes,REF-0270,103,eb098e9c8dc9b1eac3df2aea38fb50913ecfacf223f78c662e7f6f36384b5f91,true
fixture-0271,document_0271.html,2026-07-01_Acme-Labs_invoice_REF-0271.html,html,2026-07-01,Acme-Labs,invoice,REF-0271,173,fdfc971999ce23cccbda703b316f7d9277f73b7b13b19e10890f3ca6f994764e,true
fixture-0272,document_0272.eml,2026-08-02_Riverstone-Co_meeting-notes_REF-0272.eml,eml,2026-08-02,Riverstone-Co,meeting-notes,REF-0272,156,9e7a05bdcacd621504adb934cd40f5a9d77559e6bb1d1d56a8554654ba17195c,true
fixture-0273,document_0273.srt,2026-09-03_Bluebird-Health_invoice_REF-0273.srt,srt,2026-09-03,Bluebird-Health,invoice,REF-0273,76,074035d5ee8aaf9982a4cb60017bb0f08ebff0c62b5b8ec96f06e235cbd72fb5,true
fixture-0274,document_0274.vtt,2026-10-04_Northstar-Studio_meeting-notes_REF-0274.vtt,vtt,2026-10-04,Northstar-Studio,meeting-notes,REF-0274,83,ee2f630ff0de6e01cf105daf9bb7bd24ef3f8b29f5f23a62c4485859adce5bb6,true
fixture-0275,document_0275.svg,2026-11-05_Pinecone-Works_invoice_REF-0275.svg,svg,2026-11-05,Pinecone-Works,invoice,REF-0275,155,6f68036ad0b32bd429da17c0fc5eeee89045369f64d78ff0c3583bb965f736d6,true
fixture-0276,document_0276.txt,2026-12-06_Acme-Labs_meeting-notes_REF-0276.txt,txt,2026-12-06,Acme-Labs,meeting-notes,REF-0276,156,d6f31f546206f61c502c427ac2c7e28f20ad013ba609d645382cdd517d9b8529,true
fixture-0277,document_0277.md,2026-01-07_Riverstone-Co_invoice_REF-0277.md,md,2026-01-07,Riverstone-Co,invoice,REF-0277,128,f0d003d7073180ffd98b879faa65358db121902e629aaecf75346260a93bdaa7,true
fixture-0278,document_0278.csv,2026-02-08_Bluebird-Health_meeting-notes_REF-0278.csv,csv,2026-02-08,Bluebird-Health,meeting-notes,REF-0278,111,e45c0caf3e7bad54d5c8bd7b960f333c00e8175acd1e145712dfdba6b95aee6d,true
fixture-0279,document_0279.json,2026-03-09_Northstar-Studio_invoice_REF-0279.json,json,2026-03-09,Northstar-Studio,invoice,REF-0279,208,83ea92f99c5e1914268e6c87623f2bc4a8a4ba3a8830fa636177515c8b6745ef,true
fixture-0280,document_0280.xml,2026-04-10_Pinecone-Works_meeting-notes_REF-0280.xml,xml,2026-04-10,Pinecone-Works,meeting-notes,REF-0280,164,c76ff04d239c6cf3eee4fd12888fbb54f4f3090e194ea79a9b946655e2f34b1e,true
fixture-0281,document_0281.yaml,2026-05-11_Acme-Labs_invoice_REF-0281.yaml,yaml,2026-05-11,Acme-Labs,invoice,REF-0281,92,4c212c279f5bc153dc9a61a81df0c0c1e82144bd8590a0a43b848ec19c134518,true
fixture-0282,document_0282.html,2026-06-12_Riverstone-Co_meeting-notes_REF-0282.html,html,2026-06-12,Riverstone-Co,meeting-notes,REF-0282,183,1c68fecedf58bb8e290652217ae081a420350b5675d781e50f9d07cff2c370a3,true
fixture-0283,document_0283.eml,2026-07-13_Bluebird-Health_invoice_REF-0283.eml,eml,2026-07-13,Bluebird-Health,invoice,REF-0283,146,7edaad96d8190eec9b608e51018fa01b3200aeb486338061614dc2bf6c5eba28,true
fixture-0284,document_0284.srt,2026-08-14_Northstar-Studio_meeting-notes_REF-0284.srt,srt,2026-08-14,Northstar-Studio,meeting-notes,REF-0284,83,fd5ac73ae0b2eb7ba78d20aec29af47d1b258fe2e8273e4455776595b8ec00a5,true
fixture-0285,document_0285.vtt,2026-09-15_Pinecone-Works_invoice_REF-0285.vtt,vtt,2026-09-15,Pinecone-Works,invoice,REF-0285,75,bb28abdfa364d5b902ad81b81f056f896461787510443cb82cbbded210ad6b0d,true
fixture-0286,document_0286.svg,2026-10-16_Acme-Labs_meeting-notes_REF-0286.svg,svg,2026-10-16,Acme-Labs,meeting-notes,REF-0286,156,206f4cb002dcc7d4012c0a416b45dc4964d629987edb36f964d280a248146a43,true
fixture-0287,document_0287.txt,2026-11-17_Riverstone-Co_invoice_REF-0287.txt,txt,2026-11-17,Riverstone-Co,invoice,REF-0287,152,f982f9fb3e9f8e4fbe18b6f19a1b638929771a411921ba63e3208b689818dc78,true
fixture-0288,document_0288.md,2026-12-18_Bluebird-Health_meeting-notes_REF-0288.md,md,2026-12-18,Bluebird-Health,meeting-notes,REF-0288,144,f0c55a8a76822d32d055fb549248601ee5c07d1c586dfba34527954ded3991ff,true
fixture-0289,document_0289.csv,2026-01-19_Northstar-Studio_invoice_REF-0289.csv,csv,2026-01-19,Northstar-Studio,invoice,REF-0289,106,8c4529ed71d898265e8730c69e912ee83faa62e159ad515ebcab7b54932b6f23,true
fixture-0290,document_0290.json,2026-02-20_Pinecone-Works_meeting-notes_REF-0290.json,json,2026-02-20,Pinecone-Works,meeting-notes,REF-0290,216,8f0d30c93aff7b72ca9ebacdb0efd9751cffc756386aef4c7cb8e4fcfd8ac63a,true
fixture-0291,document_0291.xml,2026-03-21_Acme-Labs_invoice_REF-0291.xml,xml,2026-03-21,Acme-Labs,invoice,REF-0291,153,da1932bc3c32d08a54bd3d71412ce1e51811a68cf508855c2850dfad543716cf,true
fixture-0292,document_0292.yaml,2026-04-22_Riverstone-Co_meeting-notes_REF-0292.yaml,yaml,2026-04-22,Riverstone-Co,meeting-notes,REF-0292,102,ef16cd5f71a93eb435fdfb2d37e3b85eb19f33803c9a59919c2bf1452006615d,true
fixture-0293,document_0293.html,2026-05-23_Bluebird-Health_invoice_REF-0293.html,html,2026-05-23,Bluebird-Health,invoice,REF-0293,179,f16ff445cf441e4dc9409e5031aeca4e2ba5749d615e35632561bf65a401e95e,true
fixture-0294,document_0294.eml,2026-06-24_Northstar-Studio_meeting-notes_REF-0294.eml,eml,2026-06-24,Northstar-Studio,meeting-notes,REF-0294,159,479e0ac975983b0d3191779a2d4deeb3aa2ae7ae921aa44b20df2a8d9d686900,true
fixture-0295,document_0295.srt,2026-07-25_Pinecone-Works_invoice_REF-0295.srt,srt,2026-07-25,Pinecone-Works,invoice,REF-0295,75,f1e22cc165fb5ca295c652fe608719d504207201f21229999e217663f31266ff,true
fixture-0296,document_0296.vtt,2026-08-26_Acme-Labs_meeting-notes_REF-0296.vtt,vtt,2026-08-26,Acme-Labs,meeting-notes,REF-0296,76,dd5d32c5290c37c02a492a81fd8ca251353e0dcef2703d0069ff84facb28b379,true
fixture-0297,document_0297.svg,2026-09-27_Riverstone-Co_invoice_REF-0297.svg,svg,2026-09-27,Riverstone-Co,invoice,REF-0297,154,a3c750349d4d241cd51bfd9a553d7508a0f08fd6cf5e7973591d22c61ee357ff,true
fixture-0298,document_0298.txt,2026-10-01_Bluebird-Health_meeting-notes_REF-0298.txt,txt,2026-10-01,Bluebird-Health,meeting-notes,REF-0298,168,180d626b9eace6b9b342e9f601136c3419127162d4959cdbf3fbda50a78acabb,true
fixture-0299,document_0299.md,2026-11-02_Northstar-Studio_invoice_REF-0299.md,md,2026-11-02,Northstar-Studio,invoice,REF-0299,134,dbf4ff6e8b14a337096e488b31162ab3e8d41e17a34f7f13aca8bf4f21e1381f,true
fixture-0300,document_0300.csv,2026-12-03_Pinecone-Works_meeting-notes_REF-0300.csv,csv,2026-12-03,Pinecone-Works,meeting-notes,REF-0300,110,2b956f7ac0010288cdee77e9988e8df7240dc6c562d836217283f5d4235150f0,true
