campaign,extension_type,text,line_1,line_2,final_url
Zush Mac Search 2026Q4,Sitelink,Zush for Mac,Native macOS app,50 AI renames,https://zushapp.com/mac?utm_content=sitelink_mac
Zush Mac Search 2026Q4,Sitelink,Rename Screenshots,AI names for screenshots,Works with PNG and JPG,https://zushapp.com/rename-screenshots-with-ai?utm_content=sitelink_screenshots
Zush Mac Search 2026Q4,Sitelink,Rename PDFs,Invoices and contracts,Searchable PDF filenames,https://zushapp.com/rename-pdf-with-ai?utm_content=sitelink_pdf
Zush Mac Search 2026Q4,Sitelink,Batch Rename Files,Handle folders at once,Review before applying,https://zushapp.com/batch-rename-files?utm_content=sitelink_batch
Zush Mac Search 2026Q4,Sitelink,Best AI Renamers,Compare Mac AI tools,"Formats, privacy, price",https://zushapp.com/blog/best-ai-file-renamer-tools-mac-compared?utm_content=sitelink_compare
Zush Mac Search 2026Q4,Callout,50 AI Renames,,,
Zush Mac Search 2026Q4,Callout,No Signup,,,
Zush Mac Search 2026Q4,Callout,No Credit Card,,,
Zush Mac Search 2026Q4,Callout,Monthly or One-Time Pro,,,
Zush Mac Search 2026Q4,Callout,Signed .dmg,,,
Zush Mac Search 2026Q4,Callout,Mac App Store Option,,,
Zush Mac Search 2026Q4,Callout,Apple Silicon + Intel,,,
Zush Mac Search 2026Q4,Callout,BYOK Supported,,,
Zush Mac Search 2026Q4,Callout,Offline AI Mode,,,
Zush Mac Search 2026Q4,Callout,145+ Naming Blocks,,,
Zush Mac Search 2026Q4,Callout,14-Day Refund,,,
