campaign,negative_keyword,match_type
Zush Mac Search 2026Q4,windows,Phrase
Zush Mac Search 2026Q4,linux,Phrase
Zush Mac Search 2026Q4,android,Phrase
Zush Mac Search 2026Q4,iphone,Phrase
Zush Mac Search 2026Q4,ios,Phrase
Zush Mac Search 2026Q4,online,Phrase
Zush Mac Search 2026Q4,free online,Phrase
Zush Mac Search 2026Q4,web upload,Phrase
Zush Mac Search 2026Q4,powershell,Phrase
Zush Mac Search 2026Q4,bash,Phrase
Zush Mac Search 2026Q4,terminal,Phrase
Zush Mac Search 2026Q4,python,Phrase
Zush Mac Search 2026Q4,regex,Phrase
Zush Mac Search 2026Q4,automator,Phrase
Zush Mac Search 2026Q4,finder only,Phrase
Zush Mac Search 2026Q4,hazel official,Phrase
Zush Mac Search 2026Q4,ollama server,Phrase
Zush Mac Search 2026Q4,update ollama,Phrase
Zush Mac Search 2026Q4,open source,Phrase
Zush Mac Search 2026Q4,github,Phrase
Zush Mac Search 2026Q4,apk,Phrase
Zush Mac Search 2026Q4,crack,Phrase
Zush Mac Search 2026Q4,serial key,Phrase
Zush Mac Search 2026Q4,pirated,Phrase
Zush Mac Search 2026Q4,torrent,Phrase
Zush Mac Search 2026Q4,file explorer,Phrase
Zush Mac Search 2026Q4,command line,Phrase
Zush Mac Search 2026Q4,script,Phrase
Zush Mac Search 2026Q4,unix,Phrase
Zush Mac Search 2026Q4,compressed zip,Phrase
Zush Mac Search 2026Q4,zip file,Phrase
Zush Mac Search 2026Q4,ollama rename model,Phrase
Zush Mac Search 2026Q4,rename ollama model,Phrase
Zush Mac Search 2026Q4,photo storage,Phrase
Zush Mac Search 2026Q4,photo editor,Phrase
Zush Mac Search 2026Q4,compress pdf,Phrase
Zush Mac Search 2026Q4,file compression,Phrase
Zush Mac Search 2026Q4,delete files,Phrase
Zush Mac Search 2026Q4,disk cleanup,Phrase
